{"cameraMode":{"drawMode":0,"name":"Shaded","section":"Shading Mode"},"sceneLighting":true,"audioPlay":false,"sceneViewState":{"m_AlwaysRefresh":false,"showFog":false,"showSkybox":false,"showFlares":true,"showImageEffects":true,"showParticleSystems":true,"showVisualEffectGraphs":true,"m_FxEnabled":true},"in2DMode":false,"pivot":{"x":-2.823866128921509,"y":3.5905203819274904,"z":-1.377406120300293},"rotation":{"x":0.24939024448394776,"y":-0.04356878250837326,"z":0.011225279420614243,"w":0.9673683047294617},"size":0.8660253882408142,"orthographic":false}