{"cameraMode":{"drawMode":0,"name":"Shaded","section":"Shading Mode"},"sceneLighting":true,"audioPlay":false,"sceneViewState":{"m_AlwaysRefresh":false,"showFog":false,"showSkybox":false,"showFlares":true,"showImageEffects":true,"showParticleSystems":true,"showVisualEffectGraphs":true,"m_FxEnabled":true},"in2DMode":false,"pivot":{"x":-3.9986653327941896,"y":-1.4309310913085938,"z":0.3467082977294922},"rotation":{"x":0.6098053455352783,"y":-0.0011939394753426314,"z":0.0009165582596324384,"w":0.792560338973999},"size":7.9435906410217289,"orthographic":false}