{"cameraMode":{"drawMode":0,"name":"Shaded","section":"Shading Mode"},"sceneLighting":true,"audioPlay":false,"sceneViewState":{"m_AlwaysRefresh":false,"showFog":false,"showSkybox":false,"showFlares":true,"showImageEffects":true,"showParticleSystems":true,"showVisualEffectGraphs":true,"m_FxEnabled":true},"in2DMode":false,"pivot":{"x":-3.442525625228882,"y":8.98115062713623,"z":-3.3381595611572267},"rotation":{"x":0.5257627367973328,"y":-0.021692810580134393,"z":0.013410326093435288,"w":0.8502562642097473},"size":0.4406031668186188,"orthographic":false}