{"cameraMode":{"drawMode":0,"name":"Shaded","section":"Shading Mode"},"sceneLighting":true,"audioPlay":false,"sceneViewState":{"m_AlwaysRefresh":false,"showFog":false,"showSkybox":false,"showFlares":true,"showImageEffects":true,"showParticleSystems":true,"showVisualEffectGraphs":true,"m_FxEnabled":true},"in2DMode":false,"pivot":{"x":0.7502221465110779,"y":2.16339111328125,"z":-4.038142204284668},"rotation":{"x":0.2785627245903015,"y":-0.008649894967675209,"z":0.002505458192899823,"w":0.9603767991065979},"size":0.8660253882408142,"orthographic":false}