{"cameraMode":{"drawMode":0,"name":"Shaded","section":"Shading Mode"},"sceneLighting":true,"audioPlay":false,"sceneViewState":{"m_AlwaysRefresh":false,"showFog":false,"showSkybox":false,"showFlares":true,"showImageEffects":true,"showParticleSystems":true,"showVisualEffectGraphs":true,"m_FxEnabled":true},"in2DMode":false,"pivot":{"x":2.771026611328125,"y":1.8614673614501954,"z":0.9665803909301758},"rotation":{"x":0.09300190955400467,"y":-0.3131352365016937,"z":0.030715394765138627,"w":0.9446417093276978},"size":0.8660253882408142,"orthographic":false}