{"cameraMode":{"drawMode":0,"name":"Shaded","section":"Shading Mode"},"sceneLighting":true,"audioPlay":false,"sceneViewState":{"m_AlwaysRefresh":false,"showFog":false,"showSkybox":false,"showFlares":true,"showImageEffects":true,"showParticleSystems":true,"showVisualEffectGraphs":true,"m_FxEnabled":true},"in2DMode":false,"pivot":{"x":325.3218688964844,"y":56.354698181152347,"z":-8.283357620239258},"rotation":{"x":0.2522890269756317,"y":-0.043532922863960269,"z":0.011358830146491528,"w":0.9666071534156799},"size":81.39410400390625,"orthographic":false}