{"cameraMode":{"drawMode":0,"name":"Shaded","section":"Shading Mode"},"sceneLighting":true,"audioPlay":false,"sceneViewState":{"m_AlwaysRefresh":false,"showFog":false,"showSkybox":false,"showFlares":true,"showImageEffects":true,"showParticleSystems":true,"showVisualEffectGraphs":true,"m_FxEnabled":true},"in2DMode":false,"pivot":{"x":-1.302898645401001,"y":1.5526762008666993,"z":-2.1454057693481447},"rotation":{"x":-0.33554553985595705,"y":0.024581488221883775,"z":-0.008754342794418335,"w":-0.9416514039039612},"size":2.0886058807373049,"orthographic":false}