{"cameraMode":{"drawMode":0,"name":"Shaded","section":"Shading Mode"},"sceneLighting":true,"audioPlay":false,"sceneViewState":{"m_AlwaysRefresh":false,"showFog":false,"showSkybox":false,"showFlares":true,"showImageEffects":true,"showParticleSystems":true,"showVisualEffectGraphs":true,"m_FxEnabled":true},"in2DMode":false,"pivot":{"x":0.12820284068584443,"y":2.405407190322876,"z":-0.6389326453208923},"rotation":{"x":-0.28616270422935488,"y":-0.08122829347848892,"z":0.024346642196178438,"w":-0.9543839693069458},"size":1.3114876747131348,"orthographic":false}