{"cameraMode":{"drawMode":0,"name":"Shaded","section":"Shading Mode"},"sceneLighting":false,"audioPlay":false,"sceneViewState":{"m_AlwaysRefresh":false,"showFog":false,"showSkybox":false,"showFlares":true,"showImageEffects":true,"showParticleSystems":true,"showVisualEffectGraphs":true,"m_FxEnabled":true},"in2DMode":false,"pivot":{"x":-0.0632392168045044,"y":0.4853959083557129,"z":0.18968987464904786},"rotation":{"x":0.29247531294822695,"y":-0.05447665974497795,"z":0.016684934496879579,"w":0.9545829892158508},"size":2.9839038848876955,"orthographic":false}