{"cameraMode":{"drawMode":0,"name":"Shaded","section":"Shading Mode"},"sceneLighting":false,"audioPlay":false,"sceneViewState":{"m_AlwaysRefresh":false,"showFog":false,"showSkybox":false,"showFlares":true,"showImageEffects":true,"showParticleSystems":true,"showVisualEffectGraphs":true,"m_FxEnabled":true},"in2DMode":false,"pivot":{"x":-2.2875518798828127,"y":1.586055040359497,"z":-4.8930745124816898},"rotation":{"x":-0.0003048032522201538,"y":0.9679715037345886,"z":0.0011517464881762863,"w":0.25108802318573},"size":0.7911936640739441,"orthographic":false}