{"cameraMode":{"drawMode":0,"name":"Shaded","section":"Shading Mode"},"sceneLighting":false,"audioPlay":false,"sceneViewState":{"m_AlwaysRefresh":false,"showFog":false,"showSkybox":false,"showFlares":true,"showImageEffects":true,"showParticleSystems":true,"showVisualEffectGraphs":true,"m_FxEnabled":true},"in2DMode":false,"pivot":{"x":9.069040298461914,"y":0.06676661968231201,"z":9.36702823638916},"rotation":{"x":0.5970367789268494,"y":0.061206184327602389,"z":-0.045765284448862079,"w":0.7985437512397766},"size":0.8660253882408142,"orthographic":false}