{"cameraMode":{"drawMode":0,"name":"Shaded","section":"Shading Mode"},"sceneLighting":false,"audioPlay":false,"sceneViewState":{"m_AlwaysRefresh":false,"showFog":false,"showSkybox":false,"showFlares":true,"showImageEffects":true,"showParticleSystems":true,"showVisualEffectGraphs":true,"m_FxEnabled":true},"in2DMode":false,"pivot":{"x":224.72586059570313,"y":140.40530395507813,"z":-31.6666316986084},"rotation":{"x":0.45006752014160159,"y":-0.24014721810817719,"z":0.12690915167331696,"w":0.8506749868392944},"size":0.17321234941482545,"orthographic":false}