{"cameraMode":{"drawMode":0,"name":"Shaded","section":"Shading Mode"},"sceneLighting":false,"audioPlay":false,"sceneViewState":{"m_AlwaysRefresh":false,"showFog":false,"showSkybox":false,"showFlares":true,"showImageEffects":true,"showParticleSystems":true,"showVisualEffectGraphs":true,"m_FxEnabled":true},"in2DMode":false,"pivot":{"x":313.5760498046875,"y":184.82225036621095,"z":125.04486083984375},"rotation":{"x":0.12471266835927963,"y":-0.029170934110879899,"z":0.0035973803605884315,"w":0.9917306900024414},"size":167.71170043945313,"orthographic":false}