{"cameraMode":{"drawMode":0,"name":"Shaded","section":"Shading Mode"},"sceneLighting":false,"audioPlay":false,"sceneViewState":{"m_AlwaysRefresh":false,"showFog":false,"showSkybox":false,"showFlares":true,"showImageEffects":true,"showParticleSystems":true,"showVisualEffectGraphs":true,"m_FxEnabled":true},"in2DMode":false,"pivot":{"x":0.09886278212070465,"y":-0.16937470436096192,"z":0.33737993240356448},"rotation":{"x":-0.033099886029958728,"y":0.7061155438423157,"z":-0.03307314217090607,"w":-0.706540584564209},"size":1.2247449159622193,"orthographic":false}