{"cameraMode":{"drawMode":0,"name":"Shaded","section":"Shading Mode"},"sceneLighting":false,"audioPlay":false,"sceneViewState":{"m_AlwaysRefresh":false,"showFog":false,"showSkybox":false,"showFlares":true,"showImageEffects":true,"showParticleSystems":true,"showVisualEffectGraphs":true,"m_FxEnabled":true},"in2DMode":false,"pivot":{"x":-0.0037719726096838714,"y":0.5229917168617249,"z":0.4661599099636078},"rotation":{"x":-0.002011913573369384,"y":0.9729790091514587,"z":-0.23070117831230164,"w":-0.008463201113045216},"size":1.2247449159622193,"orthographic":false}