{"cameraMode":{"drawMode":0,"name":"Shaded","section":"Shading Mode"},"sceneLighting":false,"audioPlay":false,"sceneViewState":{"m_AlwaysRefresh":false,"showFog":false,"showSkybox":false,"showFlares":true,"showImageEffects":true,"showParticleSystems":true,"showVisualEffectGraphs":true,"m_FxEnabled":true},"in2DMode":false,"pivot":{"x":0.24951456487178803,"y":1.7909563779830933,"z":-0.6145902276039124},"rotation":{"x":0.2351694405078888,"y":-0.14947107434272767,"z":0.03662063926458359,"w":0.9596990942955017},"size":1.2247449159622193,"orthographic":false}