{"cameraMode":{"drawMode":0,"name":"Shaded","section":"Shading Mode"},"sceneLighting":false,"audioPlay":false,"sceneViewState":{"m_AlwaysRefresh":false,"showFog":false,"showSkybox":false,"showFlares":true,"showImageEffects":true,"showParticleSystems":true,"showVisualEffectGraphs":true,"m_FxEnabled":true},"in2DMode":false,"pivot":{"x":0.24683839082717896,"y":1.2637816667556763,"z":-0.1278398185968399},"rotation":{"x":0.19387932121753694,"y":-0.12762437760829926,"z":0.025440340861678125,"w":0.9723592400550842},"size":1.2247449159622193,"orthographic":false}