{"cameraMode":{"drawMode":0,"name":"Shaded","section":"Shading Mode"},"sceneLighting":true,"audioPlay":false,"sceneViewState":{"m_AlwaysRefresh":false,"showFog":true,"showSkybox":true,"showFlares":true,"showImageEffects":true,"showParticleSystems":true,"showVisualEffectGraphs":true,"m_FxEnabled":true},"in2DMode":false,"pivot":{"x":5.380329608917236,"y":-19.54486846923828,"z":35.69788360595703},"rotation":{"x":0.32342997193336489,"y":-0.015612169168889523,"z":0.0053367638029158119,"w":0.9461078643798828},"size":25.1957950592041,"orthographic":false}