{"cameraMode":{"drawMode":0,"name":"Shaded","section":"Shading Mode"},"sceneLighting":false,"audioPlay":false,"sceneViewState":{"m_AlwaysRefresh":false,"showFog":false,"showSkybox":false,"showFlares":true,"showImageEffects":true,"showParticleSystems":true,"showVisualEffectGraphs":true,"m_FxEnabled":true},"in2DMode":false,"pivot":{"x":-0.21863755583763123,"y":3.423022747039795,"z":-0.030520502477884294},"rotation":{"x":0.39540398120880129,"y":-0.5968171954154968,"z":0.4275132119655609,"w":0.5519954562187195},"size":0.5896292924880981,"orthographic":false}