{"cameraMode":{"drawMode":0,"name":"Shaded","section":"Shading Mode"},"sceneLighting":false,"audioPlay":false,"sceneViewState":{"m_AlwaysRefresh":false,"showFog":false,"showSkybox":false,"showFlares":true,"showImageEffects":true,"showParticleSystems":true,"showVisualEffectGraphs":true,"m_FxEnabled":true},"in2DMode":false,"pivot":{"x":0.027795841917395593,"y":0.2124084085226059,"z":0.2388887256383896},"rotation":{"x":-0.3776404559612274,"y":0.014444613829255104,"z":-0.005881071090698242,"w":-0.9257885217666626},"size":0.7058482766151428,"orthographic":false}